{"^IXIC": 9576.58984375, "^GSPC": 3337.75, "^DJI": 28992.41015625}