{"^IXIC": 9673.6953125, "^GSPC": 3364.419921875, "^DJI": 29299.890625}