{"^IXIC": 7887.259765625, "^GSPC": 2659.409912109375, "^DJI": 22653.859375}