{"^IXIC": 9681.974609375, "^GSPC": 3366.429931640625, "^DJI": 29308.390625}