{"^IXIC": 9817.197265625, "^GSPC": 3388.389892578125, "^DJI": 29356.609375}