{"^IXIC": 9571.359375, "^GSPC": 3338.1298828125, "^DJI": 29173.5}