{"^IXIC": 9211.7919921875, "^GSPC": 3230.679931640625, "^DJI": 28039.5390625}