{"^IXIC": 9732.740234375, "^GSPC": 3370.2900390625, "^DJI": 29232.189453125}