{"^IXIC": 9520.509765625, "^GSPC": 3327.7099609375, "^DJI": 29102.509765625}