{"^IXIC": 9731.1796875, "^GSPC": 3380.159912109375, "^DJI": 29398.080078125}