{"^IXIC": 8980.7802734375, "^GSPC": 3116.389892578125, "^DJI": 26957.58984375}