{"^IXIC": 8846.91015625, "^GSPC": 3051.8798828125, "^DJI": 26306.2109375}