{"^IXIC": 8517.3154296875, "^GSPC": 2936.56005859375, "^DJI": 25255.369140625}