{"^IXIC": 8116.93359375, "^GSPC": 2801.639892578125, "^DJI": 24309.33984375}