{"^IXIC": 9725.9599609375, "^GSPC": 3379.449951171875, "^DJI": 29551.419921875}