{"^IXIC": 8987.2099609375, "^GSPC": 3136.7900390625, "^DJI": 27136.33984375}